accuracy,precision_macro,recall_macro,f1_macro,confusion_matrix,classification_report,target_agreement,seed_size,alpha,depth,source_file,composite_score,rank
0.9287403903015968,0.8477682766614636,0.9222863052745008,0.87809436302412,"[[1060, 42, 2, 14, 1], [25, 1323, 17, 85, 7], [0, 7, 351, 0, 5], [0, 26, 0, 381, 6], [0, 2, 0, 2, 26]]","{'0': {'precision': 0.9769585253456221, 'recall': 0.9472743521000894, 'f1-score': 0.9618874773139746, 'support': 1119.0}, '1': {'precision': 0.945, 'recall': 0.9080301990391215, 'f1-score': 0.9261463073153657, 'support': 1457.0}, '2': {'precision': 0.9486486486486486, 'recall': 0.9669421487603306, 'f1-score': 0.9577080491132333, 'support': 363.0}, '3': {'precision': 0.7904564315352697, 'recall': 0.9225181598062954, 'f1-score': 0.8513966480446927, 'support': 413.0}, '4': {'precision': 0.5777777777777777, 'recall': 0.8666666666666667, 'f1-score': 0.6933333333333334, 'support': 30.0}, 'accuracy': 0.9287403903015967, 'macro avg': {'precision': 0.8477682766614636, 'recall': 0.9222863052745008, 'f1-score': 0.87809436302412, 'support': 3382.0}, 'weighted avg': {'precision': 0.9338358630628654, 'recall': 0.9287403903015967, 'f1-score': 0.9301662017573586, 'support': 3382.0}}",0.9302188054405676,2000,0.5,7,surrogate_eval_nsl_kdd_xgb_seed2000_a0.5_d7.json,0.9142857896878391,1
0.9237137788290952,0.8436956738213693,0.92210307496284,0.8746516564534759,"[[1033, 71, 1, 13, 1], [17, 1323, 15, 94, 8], [1, 9, 348, 0, 5], [0, 12, 1, 394, 6], [0, 2, 0, 2, 26]]","{'0': {'precision': 0.9828734538534729, 'recall': 0.9231456657730116, 'f1-score': 0.9520737327188941, 'support': 1119.0}, '1': {'precision': 0.9336626676076217, 'recall': 0.9080301990391215, 'f1-score': 0.9206680584551148, 'support': 1457.0}, '2': {'precision': 0.9534246575342465, 'recall': 0.9586776859504132, 'f1-score': 0.9560439560439561, 'support': 363.0}, '3': {'precision': 0.7833001988071571, 'recall': 0.9539951573849879, 'f1-score': 0.8602620087336245, 'support': 413.0}, '4': {'precision': 0.5652173913043478, 'recall': 0.8666666666666667, 'f1-score': 0.6842105263157895, 'support': 30.0}, 'accuracy': 0.9237137788290952, 'macro avg': {'precision': 0.8436956738213693, 'recall': 0.92210307496284, 'f1-score': 0.8746516564534759, 'support': 3382.0}, 'weighted avg': {'precision': 0.9304360012116377, 'recall': 0.9237137788290952, 'f1-score': 0.9253821258196221, 'support': 3382.0}}",0.9257835600236548,2000,0.5,5,surrogate_eval_nsl_kdd_xgb_seed2000_a0.5_d5.json,0.9100300327136892,2
0.9240094618568894,0.8398197524773316,0.9179867865241024,0.8713406326561779,"[[1066, 36, 1, 15, 1], [24, 1289, 24, 115, 5], [3, 4, 346, 1, 9], [0, 11, 0, 399, 3], [0, 3, 0, 2, 25]]","{'0': {'precision': 0.9752973467520586, 'recall': 0.9526362823949955, 'f1-score': 0.9638336347197106, 'support': 1119.0}, '1': {'precision': 0.9597915115413254, 'recall': 0.8846945778997941, 'f1-score': 0.9207142857142857, 'support': 1457.0}, '2': {'precision': 0.9326145552560647, 'recall': 0.953168044077135, 'f1-score': 0.9427792915531336, 'support': 363.0}, '3': {'precision': 0.75, 'recall': 0.9661016949152542, 'f1-score': 0.8444444444444444, 'support': 413.0}, '4': {'precision': 0.5813953488372093, 'recall': 0.8333333333333334, 'f1-score': 0.684931506849315, 'support': 30.0}, 'accuracy': 0.9240094618568894, 'macro avg': {'precision': 0.8398197524773316, 'recall': 0.9179867865241025, 'f1-score': 0.8713406326561779, 'support': 3382.0}, 'weighted avg': {'precision': 0.9330292452260003, 'recall': 0.9240094618568894, 'f1-score': 0.9259440967273487, 'support': 3382.0}}",0.9266706091070372,2000,0.2,5,surrogate_eval_nsl_kdd_xgb_seed2000_a0.2_d5.json,0.9095393867217498,3
0.9243051448846836,0.8348761905959238,0.9250545999816584,0.8714307957452926,"[[1076, 29, 2, 11, 1], [21, 1280, 41, 109, 6], [0, 2, 351, 0, 10], [4, 14, 0, 393, 2], [0, 3, 0, 1, 26]]","{'0': {'precision': 0.9772933696639419, 'recall': 0.9615728328865059, 'f1-score': 0.9693693693693693, 'support': 1119.0}, '1': {'precision': 0.963855421686747, 'recall': 0.8785175017158545, 'f1-score': 0.9192100538599641, 'support': 1457.0}, '2': {'precision': 0.8908629441624365, 'recall': 0.9669421487603306, 'f1-score': 0.9273447820343461, 'support': 363.0}, '3': {'precision': 0.7645914396887159, 'recall': 0.9515738498789347, 'f1-score': 0.8478964401294499, 'support': 413.0}, '4': {'precision': 0.5777777777777777, 'recall': 0.8666666666666667, 'f1-score': 0.6933333333333334, 'support': 30.0}, 'accuracy': 0.9243051448846836, 'macro avg': {'precision': 0.8348761905959238, 'recall': 0.9250545999816584, 'f1-score': 0.8714307957452926, 'support': 3382.0}, 'weighted avg': {'precision': 0.9327088931718743, 'recall': 0.9243051448846836, 'f1-score': 0.9259671077617453, 'support': 3382.0}}",0.9260792430514488,2000,0.1,7,surrogate_eval_nsl_kdd_xgb_seed2000_a0.1_d7.json,0.9093298892262489,4
0.92755765819042,0.8266357724558558,0.91644710878287,0.8616977482526019,"[[1068, 37, 2, 11, 1], [20, 1309, 35, 86, 7], [0, 3, 349, 0, 11], [1, 19, 1, 386, 6], [0, 3, 0, 2, 25]]","{'0': {'precision': 0.9807162534435262, 'recall': 0.9544235924932976, 'f1-score': 0.967391304347826, 'support': 1119.0}, '1': {'precision': 0.9547775346462436, 'recall': 0.8984214138641043, 'f1-score': 0.9257425742574258, 'support': 1457.0}, '2': {'precision': 0.9018087855297158, 'recall': 0.9614325068870524, 'f1-score': 0.9306666666666666, 'support': 363.0}, '3': {'precision': 0.7958762886597938, 'recall': 0.9346246973365617, 'f1-score': 0.8596881959910914, 'support': 413.0}, '4': {'precision': 0.5, 'recall': 0.8333333333333334, 'f1-score': 0.625, 'support': 30.0}, 'accuracy': 0.9275576581904199, 'macro avg': {'precision': 0.8266357724558558, 'recall': 0.91644710878287, 'f1-score': 0.8616977482526019, 'support': 3382.0}, 'weighted avg': {'precision': 0.9342359112793212, 'recall': 0.9275576581904199, 'f1-score': 0.9293172753408063, 'support': 3382.0}}",0.9296274393849792,2000,0.1,5,surrogate_eval_nsl_kdd_xgb_seed2000_a0.1_d5.json,0.9088345758063541,5
0.9237137788290952,0.8329673646263551,0.9200933537253864,0.8678607150473479,"[[1065, 39, 1, 13, 1], [18, 1301, 34, 97, 7], [0, 2, 350, 1, 10], [0, 27, 1, 382, 3], [0, 3, 0, 1, 26]]","{'0': {'precision': 0.9833795013850416, 'recall': 0.9517426273458445, 'f1-score': 0.9673024523160763, 'support': 1119.0}, '1': {'precision': 0.9482507288629738, 'recall': 0.8929306794783802, 'f1-score': 0.9197596323789324, 'support': 1457.0}, '2': {'precision': 0.9067357512953368, 'recall': 0.9641873278236914, 'f1-score': 0.9345794392523364, 'support': 363.0}, '3': {'precision': 0.7732793522267206, 'recall': 0.9249394673123487, 'f1-score': 0.8423373759647188, 'support': 413.0}, '4': {'precision': 0.5531914893617021, 'recall': 0.8666666666666667, 'f1-score': 0.6753246753246753, 'support': 30.0}, 'accuracy': 0.9237137788290952, 'macro avg': {'precision': 0.8329673646263551, 'recall': 0.9200933537253864, 'f1-score': 0.8678607150473479, 'support': 3382.0}, 'weighted avg': {'precision': 0.9305464721685122, 'recall': 0.9237137788290952, 'f1-score': 0.925457907007558, 'support': 3382.0}}",0.9257835600236548,2000,0.1,3,surrogate_eval_nsl_kdd_xgb_seed2000_a0.1_d3.json,0.9079927502918508,6
0.9231224127735068,0.8215995486810229,0.9255397891752868,0.8584258059665274,"[[1069, 41, 0, 8, 1], [24, 1297, 22, 98, 16], [3, 3, 351, 0, 6], [0, 27, 0, 378, 8], [0, 2, 0, 1, 27]]","{'0': {'precision': 0.9753649635036497, 'recall': 0.9553172475424486, 'f1-score': 0.9652370203160271, 'support': 1119.0}, '1': {'precision': 0.9467153284671533, 'recall': 0.8901853122855182, 'f1-score': 0.9175804740007074, 'support': 1457.0}, '2': {'precision': 0.9410187667560321, 'recall': 0.9669421487603306, 'f1-score': 0.9538043478260869, 'support': 363.0}, '3': {'precision': 0.7793814432989691, 'recall': 0.9152542372881356, 'f1-score': 0.8418708240534521, 'support': 413.0}, '4': {'precision': 0.46551724137931033, 'recall': 0.9, 'f1-score': 0.6136363636363636, 'support': 30.0}, 'accuracy': 0.9231224127735068, 'macro avg': {'precision': 0.8215995486810229, 'recall': 0.9255397891752868, 'f1-score': 0.8584258059665274, 'support': 3382.0}, 'weighted avg': {'precision': 0.9308803942618332, 'recall': 0.9231224127735068, 'f1-score': 0.9252950017317272, 'support': 3382.0}}",0.9240094618568894,2000,0.5,3,surrogate_eval_nsl_kdd_xgb_seed2000_a0.5_d3.json,0.9041569552731044,7
0.9204612655233588,0.8282050282060804,0.9130281382385348,0.8606919192221099,"[[1046, 56, 2, 14, 1], [18, 1303, 21, 109, 6], [2, 6, 340, 1, 14], [0, 11, 1, 399, 2], [0, 3, 0, 2, 25]]","{'0': {'precision': 0.9812382739212008, 'recall': 0.934763181411975, 'f1-score': 0.9574370709382151, 'support': 1119.0}, '1': {'precision': 0.9448875997099347, 'recall': 0.8943033630748113, 'f1-score': 0.9188998589562765, 'support': 1457.0}, '2': {'precision': 0.9340659340659341, 'recall': 0.9366391184573003, 'f1-score': 0.9353507565337001, 'support': 363.0}, '3': {'precision': 0.76, 'recall': 0.9661016949152542, 'f1-score': 0.8507462686567164, 'support': 413.0}, '4': {'precision': 0.5208333333333334, 'recall': 0.8333333333333334, 'f1-score': 0.6410256410256411, 'support': 30.0}, 'accuracy': 0.9204612655233589, 'macro avg': {'precision': 0.8282050282060804, 'recall': 0.9130281382385348, 'f1-score': 0.8606919192221099, 'support': 3382.0}, 'weighted avg': {'precision': 0.9294138957306721, 'recall': 0.9204612655233589, 'f1-score': 0.9226287639523605, 'support': 3382.0}}",0.9231224127735068,2000,0.2,3,surrogate_eval_nsl_kdd_xgb_seed2000_a0.2_d3.json,0.9038610352580582,8
0.9109994086339444,0.8296352050989417,0.9204644826665312,0.8652400775372759,"[[1019, 80, 4, 15, 1], [11, 1281, 28, 128, 9], [0, 3, 353, 1, 6], [0, 7, 1, 402, 3], [0, 2, 0, 2, 26]]","{'0': {'precision': 0.9893203883495145, 'recall': 0.9106344950848972, 'f1-score': 0.9483480688692415, 'support': 1119.0}, '1': {'precision': 0.932993445010925, 'recall': 0.87920384351407, 'f1-score': 0.9053003533568904, 'support': 1457.0}, '2': {'precision': 0.9145077720207254, 'recall': 0.9724517906336089, 'f1-score': 0.9425901201602136, 'support': 363.0}, '3': {'precision': 0.7335766423357665, 'recall': 0.9733656174334141, 'f1-score': 0.8366285119667014, 'support': 413.0}, '4': {'precision': 0.5777777777777777, 'recall': 0.8666666666666667, 'f1-score': 0.6933333333333334, 'support': 30.0}, 'accuracy': 0.9109994086339445, 'macro avg': {'precision': 0.8296352050989417, 'recall': 0.9204644826665312, 'f1-score': 0.8652400775372759, 'support': 3382.0}, 'weighted avg': {'precision': 0.9221430431122273, 'recall': 0.9109994086339445, 'f1-score': 0.9132796844961786, 'support': 3382.0}}",0.9127735068007096,2000,0.2,7,surrogate_eval_nsl_kdd_xgb_seed2000_a0.2_d7.json,0.8981586583883265,9
0.9142519219396806,0.8153427283182569,0.9097616020266394,0.8516610490210799,"[[1039, 60, 4, 15, 1], [14, 1291, 35, 109, 8], [1, 3, 349, 0, 10], [0, 18, 1, 388, 6], [0, 3, 0, 2, 25]]","{'0': {'precision': 0.9857685009487666, 'recall': 0.9285075960679178, 'f1-score': 0.956281638288081, 'support': 1119.0}, '1': {'precision': 0.9389090909090909, 'recall': 0.8860672614962252, 'f1-score': 0.911723163841808, 'support': 1457.0}, '2': {'precision': 0.897172236503856, 'recall': 0.9614325068870524, 'f1-score': 0.9281914893617021, 'support': 363.0}, '3': {'precision': 0.754863813229572, 'recall': 0.9394673123486683, 'f1-score': 0.837108953613808, 'support': 413.0}, '4': {'precision': 0.5, 'recall': 0.8333333333333334, 'f1-score': 0.625, 'support': 30.0}, 'accuracy': 0.9142519219396806, 'macro avg': {'precision': 0.8153427283182569, 'recall': 0.9097616020266394, 'f1-score': 0.8516610490210799, 'support': 3382.0}, 'weighted avg': {'precision': 0.9235652793409014, 'recall': 0.9142519219396806, 'f1-score': 0.9165787437737071, 'support': 3382.0}}",0.9145476049674748,1000,0.2,7,surrogate_eval_nsl_kdd_xgb_seed1000_a0.2_d7.json,0.8956225015779975,10
0.9121821407451212,0.8230827756699582,0.8998032603094087,0.853895735651785,"[[1056, 45, 2, 15, 1], [24, 1294, 27, 106, 6], [2, 3, 344, 3, 11], [0, 43, 1, 366, 3], [0, 3, 0, 2, 25]]","{'0': {'precision': 0.9759704251386322, 'recall': 0.9436997319034852, 'f1-score': 0.959563834620627, 'support': 1119.0}, '1': {'precision': 0.9322766570605188, 'recall': 0.8881262868908717, 'f1-score': 0.9096660808435852, 'support': 1457.0}, '2': {'precision': 0.9197860962566845, 'recall': 0.9476584022038568, 'f1-score': 0.9335142469470827, 'support': 363.0}, '3': {'precision': 0.7439024390243902, 'recall': 0.8861985472154964, 'f1-score': 0.8088397790055248, 'support': 413.0}, '4': {'precision': 0.5434782608695652, 'recall': 0.8333333333333334, 'f1-score': 0.6578947368421053, 'support': 30.0}, 'accuracy': 0.9121821407451213, 'macro avg': {'precision': 0.8230827756699582, 'recall': 0.8998032603094087, 'f1-score': 0.853895735651785, 'support': 3382.0}, 'weighted avg': {'precision': 0.9189403912334839, 'recall': 0.9121821407451213, 'f1-score': 0.9141894598479956, 'support': 3382.0}}",0.9130691898285038,1000,0.5,3,surrogate_eval_nsl_kdd_xgb_seed1000_a0.5_d3.json,0.8951397437588117,11
0.9210526315789472,0.7946257697541019,0.9199286202385398,0.8322642111920221,"[[1067, 19, 1, 19, 13], [19, 1286, 28, 107, 17], [3, 3, 344, 1, 12], [0, 14, 0, 392, 7], [0, 3, 0, 1, 26]]","{'0': {'precision': 0.9797979797979798, 'recall': 0.9535299374441466, 'f1-score': 0.9664855072463768, 'support': 1119.0}, '1': {'precision': 0.970566037735849, 'recall': 0.8826355525051476, 'f1-score': 0.9245147375988497, 'support': 1457.0}, '2': {'precision': 0.9222520107238605, 'recall': 0.9476584022038568, 'f1-score': 0.9347826086956522, 'support': 363.0}, '3': {'precision': 0.7538461538461538, 'recall': 0.9491525423728814, 'f1-score': 0.8403001071811361, 'support': 413.0}, '4': {'precision': 0.3466666666666667, 'recall': 0.8666666666666667, 'f1-score': 0.49523809523809526, 'support': 30.0}, 'accuracy': 0.9210526315789473, 'macro avg': {'precision': 0.7946257697541019, 'recall': 0.9199286202385398, 'f1-score': 0.8322642111920221, 'support': 3382.0}, 'weighted avg': {'precision': 0.9364354221780881, 'recall': 0.9210526315789473, 'f1-score': 0.9254117177320207, 'support': 3382.0}}",0.9222353636901242,1000,0.1,7,surrogate_eval_nsl_kdd_xgb_seed1000_a0.1_d7.json,0.8950074715184582,12
0.908929627439385,0.8163990358333739,0.8989840633331123,0.848721629807535,"[[1056, 39, 3, 20, 1], [28, 1263, 27, 133, 6], [4, 3, 343, 2, 11], [0, 21, 1, 388, 3], [0, 3, 0, 3, 24]]","{'0': {'precision': 0.9705882352941176, 'recall': 0.9436997319034852, 'f1-score': 0.9569551427276847, 'support': 1119.0}, '1': {'precision': 0.9503386004514672, 'recall': 0.8668496911461908, 'f1-score': 0.9066762383345298, 'support': 1457.0}, '2': {'precision': 0.9171122994652406, 'recall': 0.9449035812672176, 'f1-score': 0.9308005427408412, 'support': 363.0}, '3': {'precision': 0.7106227106227107, 'recall': 0.9394673123486683, 'f1-score': 0.8091762252346194, 'support': 413.0}, '4': {'precision': 0.5333333333333333, 'recall': 0.8, 'f1-score': 0.64, 'support': 30.0}, 'accuracy': 0.908929627439385, 'macro avg': {'precision': 0.8163990358333739, 'recall': 0.8989840633331123, 'f1-score': 0.848721629807535, 'support': 3382.0}, 'weighted avg': {'precision': 0.9204998581741477, 'recall': 0.908929627439385, 'f1-score': 0.9116293500894477, 'support': 3382.0}}",0.9098166765227677,1000,0.5,5,surrogate_eval_nsl_kdd_xgb_seed1000_a0.5_d5.json,0.8913107526915213,13
0.9098166765227677,0.8037687745418024,0.910407894308473,0.8433532710357998,"[[1062, 32, 6, 18, 1], [25, 1265, 43, 116, 8], [5, 1, 345, 0, 12], [0, 27, 0, 379, 7], [0, 2, 0, 2, 26]]","{'0': {'precision': 0.9725274725274725, 'recall': 0.9490616621983914, 'f1-score': 0.9606512890094979, 'support': 1119.0}, '1': {'precision': 0.9532780708364732, 'recall': 0.8682223747426219, 'f1-score': 0.9087643678160919, 'support': 1457.0}, '2': {'precision': 0.8756345177664975, 'recall': 0.9504132231404959, 'f1-score': 0.9114927344782034, 'support': 363.0}, '3': {'precision': 0.7359223300970874, 'recall': 0.9176755447941889, 'f1-score': 0.8168103448275862, 'support': 413.0}, '4': {'precision': 0.48148148148148145, 'recall': 0.8666666666666667, 'f1-score': 0.6190476190476191, 'support': 30.0}, 'accuracy': 0.9098166765227675, 'macro avg': {'precision': 0.8037687745418024, 'recall': 0.910407894308473, 'f1-score': 0.8433532710357998, 'support': 3382.0}, 'weighted avg': {'precision': 0.920585478323703, 'recall': 0.9098166765227675, 'f1-score': 0.9124259136340874, 'support': 3382.0}}",0.9101123595505618,1000,0.2,3,surrogate_eval_nsl_kdd_xgb_seed1000_a0.2_d3.json,0.8900254963905744,14
0.913364872856298,0.7951372603265473,0.9019151743366728,0.8314727824665298,"[[1057, 33, 6, 19, 4], [19, 1293, 32, 99, 14], [4, 2, 346, 0, 11], [0, 36, 0, 368, 9], [0, 2, 0, 3, 25]]","{'0': {'precision': 0.9787037037037037, 'recall': 0.9445933869526363, 'f1-score': 0.9613460663938154, 'support': 1119.0}, '1': {'precision': 0.9465592972181552, 'recall': 0.8874399450926561, 'f1-score': 0.9160467587672688, 'support': 1457.0}, '2': {'precision': 0.9010416666666666, 'recall': 0.953168044077135, 'f1-score': 0.9263721552878179, 'support': 363.0}, '3': {'precision': 0.7525562372188139, 'recall': 0.8910411622276029, 'f1-score': 0.8159645232815964, 'support': 413.0}, '4': {'precision': 0.3968253968253968, 'recall': 0.8333333333333334, 'f1-score': 0.5376344086021505, 'support': 30.0}, 'accuracy': 0.9133648728562981, 'macro avg': {'precision': 0.7951372603265473, 'recall': 0.9019151743366727, 'f1-score': 0.8314727824665298, 'support': 3382.0}, 'weighted avg': {'precision': 0.9237418549282757, 'recall': 0.9133648728562981, 'f1-score': 0.9165647098052725, 'support': 3382.0}}",0.9142519219396806,1000,0.1,3,surrogate_eval_nsl_kdd_xgb_seed1000_a0.1_d3.json,0.8892407702810589,15
0.905972797161443,0.7834827787824048,0.9144564679085466,0.8267298394958434,"[[1044, 35, 9, 26, 5], [17, 1252, 47, 126, 15], [0, 2, 350, 0, 11], [0, 11, 1, 392, 9], [0, 2, 0, 2, 26]]","{'0': {'precision': 0.9839773798303487, 'recall': 0.9329758713136729, 'f1-score': 0.9577981651376147, 'support': 1119.0}, '1': {'precision': 0.9615975422427036, 'recall': 0.8592999313658202, 'f1-score': 0.9075752084088438, 'support': 1457.0}, '2': {'precision': 0.85995085995086, 'recall': 0.9641873278236914, 'f1-score': 0.9090909090909091, 'support': 363.0}, '3': {'precision': 0.717948717948718, 'recall': 0.9491525423728814, 'f1-score': 0.8175182481751825, 'support': 413.0}, '4': {'precision': 0.3939393939393939, 'recall': 0.8666666666666667, 'f1-score': 0.5416666666666666, 'support': 30.0}, 'accuracy': 0.905972797161443, 'macro avg': {'precision': 0.7834827787824048, 'recall': 0.9144564679085466, 'f1-score': 0.8267298394958434, 'support': 3382.0}, 'weighted avg': {'precision': 0.9233032145390135, 'recall': 0.905972797161443, 'f1-score': 0.9101118456348394, 'support': 3382.0}}",0.9068598462448256,1000,0.1,5,surrogate_eval_nsl_kdd_xgb_seed1000_a0.1_d5.json,0.8826434344034544,16
0.9003548196333531,0.7902946987775874,0.906060694220024,0.8303792032511355,"[[1040, 51, 7, 18, 3], [17, 1235, 35, 160, 10], [1, 1, 348, 0, 13], [0, 10, 0, 397, 6], [0, 2, 0, 3, 25]]","{'0': {'precision': 0.9829867674858223, 'recall': 0.9294012511170688, 'f1-score': 0.9554432705558108, 'support': 1119.0}, '1': {'precision': 0.9507313317936874, 'recall': 0.8476321207961565, 'f1-score': 0.8962264150943396, 'support': 1457.0}, '2': {'precision': 0.8923076923076924, 'recall': 0.9586776859504132, 'f1-score': 0.9243027888446215, 'support': 363.0}, '3': {'precision': 0.6868512110726643, 'recall': 0.9612590799031477, 'f1-score': 0.8012108980827447, 'support': 413.0}, '4': {'precision': 0.43859649122807015, 'recall': 0.8333333333333334, 'f1-score': 0.5747126436781609, 'support': 30.0}, 'accuracy': 0.9003548196333531, 'macro avg': {'precision': 0.7902946987775874, 'recall': 0.906060694220024, 'f1-score': 0.8303792032511355, 'support': 3382.0}, 'weighted avg': {'precision': 0.9183657245587175, 'recall': 0.9003548196333531, 'f1-score': 0.9043779713523125, 'support': 3382.0}}",0.9006505026611472,1000,0.2,5,surrogate_eval_nsl_kdd_xgb_seed1000_a0.2_d5.json,0.8795099762325849,17
0.9009461856889416,0.7781987767921101,0.8765666098806987,0.8111263189409572,"[[1030, 62, 8, 18, 1], [8, 1295, 33, 108, 13], [7, 2, 343, 0, 11], [0, 40, 1, 356, 16], [1, 1, 0, 5, 23]]","{'0': {'precision': 0.9847036328871893, 'recall': 0.9204647006255585, 'f1-score': 0.9515011547344111, 'support': 1119.0}, '1': {'precision': 0.925, 'recall': 0.8888126286890872, 'f1-score': 0.9065453272663633, 'support': 1457.0}, '2': {'precision': 0.8909090909090909, 'recall': 0.9449035812672176, 'f1-score': 0.9171122994652406, 'support': 363.0}, '3': {'precision': 0.731006160164271, 'recall': 0.8619854721549637, 'f1-score': 0.7911111111111111, 'support': 413.0}, '4': {'precision': 0.359375, 'recall': 0.7666666666666667, 'f1-score': 0.48936170212765956, 'support': 30.0}, 'accuracy': 0.9009461856889415, 'macro avg': {'precision': 0.7781987767921101, 'recall': 0.8765666098806987, 'f1-score': 0.8111263189409572, 'support': 3382.0}, 'weighted avg': {'precision': 0.9123876875661174, 'recall': 0.9009461856889415, 'f1-score': 0.9047569008378173, 'support': 3382.0}}",0.9021289178001184,500,0.1,5,surrogate_eval_nsl_kdd_xgb_seed500_a0.1_d5.json,0.8745915917201347,18
0.8861620342992312,0.7864927606921807,0.8862890209562668,0.8213295468549999,"[[1002, 74, 9, 33, 1], [6, 1273, 30, 138, 10], [11, 4, 331, 5, 12], [0, 41, 1, 365, 6], [0, 0, 0, 4, 26]]","{'0': {'precision': 0.9833169774288518, 'recall': 0.8954423592493298, 'f1-score': 0.9373246024321796, 'support': 1119.0}, '1': {'precision': 0.9145114942528736, 'recall': 0.8737131091283459, 'f1-score': 0.8936468936468936, 'support': 1457.0}, '2': {'precision': 0.8921832884097035, 'recall': 0.9118457300275482, 'f1-score': 0.9019073569482289, 'support': 363.0}, '3': {'precision': 0.6697247706422018, 'recall': 0.8837772397094431, 'f1-score': 0.7620041753653445, 'support': 413.0}, '4': {'precision': 0.4727272727272727, 'recall': 0.8666666666666667, 'f1-score': 0.611764705882353, 'support': 30.0}, 'accuracy': 0.8861620342992312, 'macro avg': {'precision': 0.7864927606921807, 'recall': 0.8862890209562668, 'f1-score': 0.8213295468549999, 'support': 3382.0}, 'weighted avg': {'precision': 0.9010690795443796, 'recall': 0.8861620342992312, 'f1-score': 0.8904088676344466, 'support': 3382.0}}",0.887344766410408,500,0.5,3,surrogate_eval_nsl_kdd_xgb_seed500_a0.5_d3.json,0.8673036541215502,19
0.8817267888823181,0.7822685500254132,0.8993508087073764,0.8214560310741177,"[[1002, 68, 9, 36, 4], [9, 1215, 42, 181, 10], [11, 0, 334, 6, 12], [0, 5, 1, 405, 2], [0, 0, 0, 4, 26]]","{'0': {'precision': 0.9804305283757339, 'recall': 0.8954423592493298, 'f1-score': 0.9360112097150864, 'support': 1119.0}, '1': {'precision': 0.9433229813664596, 'recall': 0.8339052848318462, 'f1-score': 0.8852459016393442, 'support': 1457.0}, '2': {'precision': 0.8652849740932642, 'recall': 0.9201101928374655, 'f1-score': 0.8918558077436582, 'support': 363.0}, '3': {'precision': 0.6408227848101266, 'recall': 0.9806295399515739, 'f1-score': 0.7751196172248804, 'support': 413.0}, '4': {'precision': 0.48148148148148145, 'recall': 0.8666666666666667, 'f1-score': 0.6190476190476191, 'support': 30.0}, 'accuracy': 0.8817267888823181, 'macro avg': {'precision': 0.7822685500254132, 'recall': 0.8993508087073764, 'f1-score': 0.8214560310741177, 'support': 3382.0}, 'weighted avg': {'precision': 0.9061874764252691, 'recall': 0.8817267888823181, 'f1-score': 0.8869424337835479, 'support': 3382.0}}",0.8823181549379066,500,0.2,5,surrogate_eval_nsl_kdd_xgb_seed500_a0.2_d5.json,0.8639412445676522,20
0.8805440567711413,0.7700339757808341,0.8935896329527069,0.8101210035674006,"[[997, 81, 11, 25, 5], [9, 1231, 40, 160, 17], [9, 0, 337, 5, 12], [0, 22, 1, 387, 3], [0, 0, 0, 4, 26]]","{'0': {'precision': 0.9822660098522168, 'recall': 0.8909740840035746, 'f1-score': 0.9343955014058107, 'support': 1119.0}, '1': {'precision': 0.9227886056971514, 'recall': 0.8448867536032945, 'f1-score': 0.8821211035471157, 'support': 1457.0}, '2': {'precision': 0.8663239074550129, 'recall': 0.928374655647383, 'f1-score': 0.8962765957446809, 'support': 363.0}, '3': {'precision': 0.6660929432013769, 'recall': 0.937046004842615, 'f1-score': 0.778672032193159, 'support': 413.0}, '4': {'precision': 0.4126984126984127, 'recall': 0.8666666666666667, 'f1-score': 0.5591397849462365, 'support': 30.0}, 'accuracy': 0.8805440567711413, 'macro avg': {'precision': 0.7700339757808341, 'recall': 0.8935896329527069, 'f1-score': 0.8101210035674006, 'support': 3382.0}, 'weighted avg': {'precision': 0.90053565341652, 'recall': 0.8805440567711413, 'f1-score': 0.8854385455472297, 'support': 3382.0}}",0.8811354228267297,500,0.2,7,surrogate_eval_nsl_kdd_xgb_seed500_a0.2_d7.json,0.8597128238378133,21
0.8879361324659965,0.752452406403795,0.9109938317725776,0.7883477971148959,"[[1060, 35, 3, 20, 1], [31, 1180, 33, 161, 52], [2, 2, 347, 3, 9], [0, 2, 1, 389, 21], [0, 0, 0, 3, 27]]","{'0': {'precision': 0.969807868252516, 'recall': 0.9472743521000894, 'f1-score': 0.9584086799276673, 'support': 1119.0}, '1': {'precision': 0.9680065627563577, 'recall': 0.8098833218943033, 'f1-score': 0.8819133034379671, 'support': 1457.0}, '2': {'precision': 0.9036458333333334, 'recall': 0.9559228650137741, 'f1-score': 0.92904953145917, 'support': 363.0}, '3': {'precision': 0.6753472222222222, 'recall': 0.9418886198547215, 'f1-score': 0.7866531850353893, 'support': 413.0}, '4': {'precision': 0.24545454545454545, 'recall': 0.9, 'f1-score': 0.38571428571428573, 'support': 30.0}, 'accuracy': 0.8879361324659965, 'macro avg': {'precision': 0.752452406403795, 'recall': 0.9109938317725776, 'f1-score': 0.7883477971148959, 'support': 3382.0}, 'weighted avg': {'precision': 0.9195464349946756, 'recall': 0.8879361324659965, 'f1-score': 0.8962481282847133, 'support': 3382.0}}",0.8870490833826138,1000,0.5,7,surrogate_eval_nsl_kdd_xgb_seed1000_a0.5_d7.json,0.857616107318975,22
0.8808397397989356,0.7528842714435393,0.8963631665542582,0.7911273783272087,"[[1002, 61, 12, 37, 7], [15, 1220, 33, 171, 18], [4, 1, 337, 2, 19], [0, 2, 3, 394, 14], [0, 0, 0, 4, 26]]","{'0': {'precision': 0.9813907933398629, 'recall': 0.8954423592493298, 'f1-score': 0.9364485981308411, 'support': 1119.0}, '1': {'precision': 0.9501557632398754, 'recall': 0.8373369938229238, 'f1-score': 0.8901860634804816, 'support': 1457.0}, '2': {'precision': 0.8753246753246753, 'recall': 0.928374655647383, 'f1-score': 0.9010695187165776, 'support': 363.0}, '3': {'precision': 0.6480263157894737, 'recall': 0.9539951573849879, 'f1-score': 0.77179236043095, 'support': 413.0}, '4': {'precision': 0.30952380952380953, 'recall': 0.8666666666666667, 'f1-score': 0.45614035087719296, 'support': 30.0}, 'accuracy': 0.8808397397989356, 'macro avg': {'precision': 0.7528842714435393, 'recall': 0.8963631665542582, 'f1-score': 0.7911273783272087, 'support': 3382.0}, 'weighted avg': {'precision': 0.9098807464924391, 'recall': 0.8808397397989356, 'f1-score': 0.8883529764866612, 'support': 3382.0}}",0.881431105854524,500,0.5,7,surrogate_eval_nsl_kdd_xgb_seed500_a0.5_d7.json,0.8542217143852118,23
0.884387936132466,0.7553340381350001,0.8635662650950799,0.776025300297647,"[[1022, 77, 7, 12, 1], [8, 1315, 33, 80, 21], [4, 3, 344, 0, 12], [0, 87, 2, 284, 40], [1, 1, 0, 2, 26]]","{'0': {'precision': 0.9874396135265701, 'recall': 0.9133154602323503, 'f1-score': 0.9489322191272052, 'support': 1119.0}, '1': {'precision': 0.8867161159811193, 'recall': 0.9025394646533974, 'f1-score': 0.8945578231292517, 'support': 1457.0}, '2': {'precision': 0.8911917098445595, 'recall': 0.9476584022038568, 'f1-score': 0.9185580774365821, 'support': 363.0}, '3': {'precision': 0.7513227513227513, 'recall': 0.6876513317191283, 'f1-score': 0.718078381795196, 'support': 413.0}, '4': {'precision': 0.26, 'recall': 0.8666666666666667, 'f1-score': 0.4, 'support': 30.0}, 'accuracy': 0.884387936132466, 'macro avg': {'precision': 0.7553340381350001, 'recall': 0.8635662650950799, 'f1-score': 0.776025300297647, 'support': 3382.0}, 'weighted avg': {'precision': 0.8984296852426358, 'recall': 0.884387936132466, 'f1-score': 0.8891865332032991, 'support': 3382.0}}",0.8861620342992312,500,0.1,3,surrogate_eval_nsl_kdd_xgb_seed500_a0.1_d3.json,0.852766194465403,24
0.8716735659373152,0.7659141988915161,0.8894575182159883,0.8042119695472761,"[[966, 107, 8, 36, 2], [7, 1245, 38, 150, 17], [12, 2, 331, 4, 14], [0, 27, 1, 379, 6], [0, 0, 0, 3, 27]]","{'0': {'precision': 0.9807106598984772, 'recall': 0.8632707774798928, 'f1-score': 0.9182509505703422, 'support': 1119.0}, '1': {'precision': 0.9015206372194062, 'recall': 0.8544955387783116, 'f1-score': 0.8773784355179705, 'support': 1457.0}, '2': {'precision': 0.8756613756613757, 'recall': 0.9118457300275482, 'f1-score': 0.893387314439946, 'support': 363.0}, '3': {'precision': 0.6625874125874126, 'recall': 0.9176755447941889, 'f1-score': 0.7695431472081218, 'support': 413.0}, '4': {'precision': 0.4090909090909091, 'recall': 0.9, 'f1-score': 0.5625, 'support': 30.0}, 'accuracy': 0.8716735659373152, 'macro avg': {'precision': 0.7659141988915161, 'recall': 0.8894575182159883, 'f1-score': 0.8042119695472761, 'support': 3382.0}, 'weighted avg': {'precision': 0.8914007110855942, 'recall': 0.8716735659373152, 'f1-score': 0.8766585183845509, 'support': 3382.0}}",0.8722649319929036,500,0.2,3,surrogate_eval_nsl_kdd_xgb_seed500_a0.2_d3.json,0.8517307700480977,25
0.8660555884092254,0.7759656072925953,0.8928309307713331,0.8125539143140237,"[[1017, 48, 11, 40, 3], [22, 1147, 33, 244, 11], [12, 2, 336, 4, 9], [0, 4, 3, 403, 3], [0, 0, 0, 4, 26]]","{'0': {'precision': 0.9676498572787822, 'recall': 0.9088471849865952, 'f1-score': 0.9373271889400921, 'support': 1119.0}, '1': {'precision': 0.95503746877602, 'recall': 0.7872340425531915, 'f1-score': 0.8630549285176825, 'support': 1457.0}, '2': {'precision': 0.8772845953002611, 'recall': 0.9256198347107438, 'f1-score': 0.900804289544236, 'support': 363.0}, '3': {'precision': 0.5798561151079137, 'recall': 0.9757869249394673, 'f1-score': 0.7274368231046932, 'support': 413.0}, '4': {'precision': 0.5, 'recall': 0.8666666666666667, 'f1-score': 0.6341463414634146, 'support': 30.0}, 'accuracy': 0.8660555884092254, 'macro avg': {'precision': 0.7759656072925953, 'recall': 0.8928309307713331, 'f1-score': 0.8125539143140237, 'support': 3382.0}, 'weighted avg': {'precision': 0.901012615592898, 'recall': 0.8660555884092254, 'f1-score': 0.8730892698299599, 'support': 3382.0}}",0.8666469544648138,500,0.5,5,surrogate_eval_nsl_kdd_xgb_seed500_a0.5_d5.json,0.8503007692084591,26
0.8817267888823181,0.7448250346116315,0.8849961703374232,0.7735539498892565,"[[1006, 76, 6, 24, 7], [8, 1254, 29, 140, 26], [3, 2, 340, 0, 18], [0, 15, 1, 356, 41], [0, 0, 0, 4, 26]]","{'0': {'precision': 0.9891838741396264, 'recall': 0.8990169794459338, 'f1-score': 0.9419475655430711, 'support': 1119.0}, '1': {'precision': 0.9309576837416481, 'recall': 0.8606726149622512, 'f1-score': 0.8944365192582026, 'support': 1457.0}, '2': {'precision': 0.9042553191489362, 'recall': 0.9366391184573003, 'f1-score': 0.9201623815967523, 'support': 363.0}, '3': {'precision': 0.6793893129770993, 'recall': 0.8619854721549637, 'f1-score': 0.759871931696905, 'support': 413.0}, '4': {'precision': 0.22033898305084745, 'recall': 0.8666666666666667, 'f1-score': 0.35135135135135137, 'support': 30.0}, 'accuracy': 0.8817267888823181, 'macro avg': {'precision': 0.7448250346116315, 'recall': 0.8849961703374232, 'f1-score': 0.7735539498892565, 'support': 3382.0}, 'weighted avg': {'precision': 0.9103325656345224, 'recall': 0.8817267888823181, 'f1-score': 0.8916676307666709, 'support': 3382.0}}",0.8826138379657008,500,0.1,7,surrogate_eval_nsl_kdd_xgb_seed500_a0.1_d7.json,0.849718461726091,27
